{
  "annotate-cc": {
    "name": "AnnotateCc",
    "category": "指示类",
    "description": "批注, 抄送"
  },
  "annotate-sign": {
    "name": "AnnotateSign",
    "category": "指示类",
    "description": "批注, 签字"
  },
  "arrow-double-left": {
    "name": "ArrowDoubleLeft",
    "category": "指示类",
    "description": "箭头左, 双箭头"
  },
  "arrow-double-right": {
    "name": "ArrowDoubleRight",
    "category": "指示类",
    "description": "箭头右, 双箭头"
  },
  "arrow-down": {
    "name": "ArrowDown",
    "category": "指示类",
    "description": "箭头下"
  },
  "arrow-left": {
    "name": "ArrowLeft",
    "category": "指示类",
    "description": "箭头左"
  },
  "arrow-right": {
    "name": "ArrowRight",
    "category": "指示类",
    "description": "箭头右"
  },
  "arrow-up": {
    "name": "ArrowUp",
    "category": "指示类",
    "description": "箭头上"
  },
  "batch-add": {
    "name": "BatchAdd",
    "category": "操作类",
    "description": "批量添加"
  },
  "batch-delete": {
    "name": "BatchDelete",
    "category": "操作类",
    "description": "批量删除"
  },
  "book-mark": {
    "name": "BookMark",
    "category": "通用类",
    "description": "书签, 标记"
  },
  "btn-add": {
    "name": "BtnAdd",
    "category": "操作类",
    "description": "按钮添加"
  },
  "btn-change": {
    "name": "BtnChange",
    "category": "操作类",
    "description": "按钮改变"
  },
  "btn-delete": {
    "name": "BtnDelete",
    "category": "操作类",
    "description": "按钮删除"
  },
  "btn-fold": {
    "name": "BtnFold",
    "category": "操作类",
    "description": "按钮收起"
  },
  "btn-more": {
    "name": "BtnMore",
    "category": "操作类",
    "description": "按钮, 更多"
  },
  "btn-play": {
    "name": "BtnPlay",
    "category": "操作类",
    "description": "按钮播放, 开启"
  },
  "btn-unfold": {
    "name": "BtnUnfold",
    "category": "操作类",
    "description": "按钮展开"
  },
  "bug": {
    "name": "Bug",
    "category": "通用类",
    "description": "缺陷"
  },
  "calendar": {
    "name": "Calendar",
    "category": "通用类",
    "description": "日历, 日程, 值班"
  },
  "change": {
    "name": "Change",
    "category": "操作类",
    "description": "更换, 替换"
  },
  "chart-histogram": {
    "name": "ChartHistogram",
    "category": "控件类",
    "description": "图表, 柱状"
  },
  "checkin": {
    "name": "Checkin",
    "category": "通用类",
    "description": "登记, 签到"
  },
  "cloud": {
    "name": "Cloud",
    "category": "通用类",
    "description": "云, 天气"
  },
  "collection": {
    "name": "Collection",
    "category": "通用类",
    "description": "星星, 收藏"
  },
  "confirm": {
    "name": "Confirm",
    "category": "通用类",
    "description": "人员, 个人确认"
  },
  "copy": {
    "name": "Copy",
    "category": "操作类",
    "description": "复制"
  },
  "cross": {
    "name": "Cross",
    "category": "指示类",
    "description": "失败, 关闭, 错误"
  },
  "data": {
    "name": "Data",
    "category": "通用类",
    "description": "数据"
  },
  "data-export": {
    "name": "DataExport",
    "category": "通用类",
    "description": "数据, 数据导出"
  },
  "data-import": {
    "name": "DataImport",
    "category": "通用类",
    "description": "数据, 数据导入"
  },
  "data-permission": {
    "name": "DataPermission",
    "category": "通用类",
    "description": "数据权限"
  },
  "data-switch": {
    "name": "DataSwitch",
    "category": "通用类",
    "description": "数据, 数据切换"
  },
  "date-time": {
    "name": "DateTime",
    "category": "通用类",
    "description": "日期时间"
  },
  "delete": {
    "name": "Delete",
    "category": "操作类",
    "description": "垃圾桶, 删除"
  },
  "dialogue": {
    "name": "Dialogue",
    "category": "通用类",
    "description": "对话, 沟通, 回复"
  },
  "diamond": {
    "name": "Diamond",
    "category": "通用类",
    "description": "钻石, 精华"
  },
  "direction-right-up": {
    "name": "DirectionRightUp",
    "category": "指示类",
    "description": "方向, 右上, 跳转"
  },
  "download": {
    "name": "Download",
    "category": "操作类",
    "description": "下载"
  },
  "earth": {
    "name": "Earth",
    "category": "通用类",
    "description": "地球, 语言"
  },
  "earthset": {
    "name": "Earthset",
    "category": "通用类",
    "description": "地球, 设置语言"
  },
  "edit": {
    "name": "Edit",
    "category": "操作类",
    "description": "笔, 编辑, 自定义"
  },
  "emoticon": {
    "name": "Emoticon",
    "category": "通用类",
    "description": "表情, 微笑"
  },
  "emoticon-discouraged": {
    "name": "EmoticonDiscouraged",
    "category": "通用类",
    "description": "表情, 失望, 灰心"
  },
  "entrust": {
    "name": "Entrust",
    "category": "通用类",
    "description": "委托, 借用, 全部借用"
  },
  "erase": {
    "name": "Erase",
    "category": "操作类",
    "description": "橡皮擦, 擦除"
  },
  "exchange-ud": {
    "name": "ExchangeUd",
    "category": "操作类",
    "description": "交换, 排序"
  },
  "exchange-udinverted-order": {
    "name": "ExchangeUdinvertedOrder",
    "category": "操作类",
    "description": "交换, 排序, 倒序"
  },
  "exchange-udorder": {
    "name": "ExchangeUdorder",
    "category": "操作类",
    "description": "交换, 排序, 顺序"
  },
  "exclamatory": {
    "name": "Exclamatory",
    "category": "指示类",
    "description": "叹号, 警告, 提示"
  },
  "exclamatory-triangle": {
    "name": "ExclamatoryTriangle",
    "category": "指示类",
    "description": "叹号, 警告, 提示, 风险管理"
  },
  "experiment": {
    "name": "Experiment",
    "category": "通用类",
    "description": "实验, 研发"
  },
  "extport": {
    "name": "Extport",
    "category": "操作类",
    "description": "导出"
  },
  "file": {
    "name": "File",
    "category": "通用类",
    "description": "文档, 文件"
  },
  "file-add": {
    "name": "FileAdd",
    "category": "通用类",
    "description": "文档, 新建文档"
  },
  "file-pending": {
    "name": "FilePending",
    "category": "通用类",
    "description": "文档, 待处理文档"
  },
  "file-processed": {
    "name": "FileProcessed",
    "category": "通用类",
    "description": "文档, 已处理文档"
  },
  "fire": {
    "name": "Fire",
    "category": "通用类",
    "description": "火热, 推荐"
  },
  "fixed-position": {
    "name": "FixedPosition",
    "category": "通用类",
    "description": "定位"
  },
  "folder": {
    "name": "Folder",
    "category": "通用类",
    "description": "文件夹, 文件条目"
  },
  "folder-open": {
    "name": "FolderOpen",
    "category": "通用类",
    "description": "文件夹, 打开"
  },
  "full-screen": {
    "name": "FullScreen",
    "category": "操作类",
    "description": "全屏"
  },
  "full-screen-exit": {
    "name": "FullScreenExit",
    "category": "操作类",
    "description": "全屏退出"
  },
  "funnel": {
    "name": "Funnel",
    "category": "操作类",
    "description": "漏斗, 筛选, 过滤"
  },
  "half-screen": {
    "name": "HalfScreen",
    "category": "操作类",
    "description": "半屏"
  },
  "half-screen-exit": {
    "name": "HalfScreenExit",
    "category": "操作类",
    "description": "半屏退出"
  },
  "heart": {
    "name": "Heart",
    "category": "通用类",
    "description": "心, 收藏, 点赞"
  },
  "hide": {
    "name": "Hide",
    "category": "通用类",
    "description": "眼睛, 隐藏"
  },
  "hide-alt": {
    "name": "HideAlt",
    "category": "通用类",
    "description": "隐藏"
  },
  "hide-password": {
    "name": "HidePassword",
    "category": "通用类",
    "description": "眼睛, 闭眼, 隐藏密码"
  },
  "home-page": {
    "name": "HomePage",
    "category": "通用类",
    "description": "家, 首页"
  },
  "import": {
    "name": "Import",
    "category": "操作类",
    "description": "导入"
  },
  "information": {
    "name": "Information",
    "category": "指示类",
    "description": "信息"
  },
  "input": {
    "name": "IconInput",
    "category": "操作类",
    "description": "输入"
  },
  "keys": {
    "name": "Keys",
    "category": "通用类",
    "description": "权限, 密钥"
  },
  "label": {
    "name": "Label",
    "category": "通用类",
    "description": "标签"
  },
  "lampbulb": {
    "name": "Lampbulb",
    "category": "通用类",
    "description": "灯泡, 创意, 想法"
  },
  "left-open": {
    "name": "LeftOpen",
    "category": "操作类",
    "description": "左侧展开"
  },
  "left-packup": {
    "name": "LeftPackup",
    "category": "操作类",
    "description": "左侧收起"
  },
  "level-children": {
    "name": "LevelChildren",
    "category": "通用类",
    "description": "层级, 子级"
  },
  "level-parent": {
    "name": "LevelParent",
    "category": "通用类",
    "description": "层级, 父级"
  },
  "level-same": {
    "name": "LevelSame",
    "category": "通用类",
    "description": "层级, 同级"
  },
  "like": {
    "name": "Like",
    "category": "通用类",
    "description": "拇指, 喜欢, 点赞, 赞赏"
  },
  "loading": {
    "name": "Loading",
    "category": "指示类",
    "description": "加载"
  },
  "lock": {
    "name": "Lock",
    "category": "通用类",
    "description": "锁, 锁定, 权限"
  },
  "logo-dingding": {
    "name": "LogoDingding",
    "category": "通用类",
    "description": "标志, 钉钉"
  },
  "logo-feishu": {
    "name": "LogoFeishu",
    "category": "通用类",
    "description": "标志, 飞书"
  },
  "logo-kk": {
    "name": "LogoKk",
    "category": "通用类",
    "description": "标志, KK"
  },
  "logo-qq": {
    "name": "LogoQq",
    "category": "通用类",
    "description": "标志, QQ"
  },
  "logo-wechat": {
    "name": "LogoWechat",
    "category": "通用类",
    "description": "标志, 微信"
  },
  "logout": {
    "name": "Logout",
    "category": "操作类",
    "description": "帐号登出, 退出"
  },
  "meeting-room": {
    "name": "MeetingRoom",
    "category": "通用类",
    "description": "会议室, 项目看板"
  },
  "menu-list": {
    "name": "MenuList",
    "category": "操作类",
    "description": "菜单列表"
  },
  "menu-list-select": {
    "name": "MenuListSelect",
    "category": "操作类",
    "description": "菜单列表, 选择"
  },
  "message": {
    "name": "Message",
    "category": "通用类",
    "description": "消息, 对话, 评论"
  },
  "message-add": {
    "name": "MessageAdd",
    "category": "通用类",
    "description": "追评, 追加, 评论"
  },
  "more-hor": {
    "name": "MoreHor",
    "category": "操作类",
    "description": "更多"
  },
  "more-ver": {
    "name": "MoreVer",
    "category": "操作类",
    "description": "更多"
  },
  "none": {
    "name": "None",
    "category": "指示类",
    "description": "无, 空, 禁用, 取消"
  },
  "output": {
    "name": "Output",
    "category": "操作类",
    "description": "输出"
  },
  "page": {
    "name": "Page",
    "category": "编辑类",
    "description": "网页, 页面, 页面模版"
  },
  "page-code": {
    "name": "PageCode",
    "category": "通用类",
    "description": "网页, 页面, 代码面板"
  },
  "palette": {
    "name": "Palette",
    "category": "通用类",
    "description": "画板"
  },
  "parameter-setting": {
    "name": "ParameterSetting",
    "category": "操作类",
    "description": "配置, 参数设置"
  },
  "paste": {
    "name": "Paste",
    "category": "操作类",
    "description": "粘贴"
  },
  "pause": {
    "name": "Pause",
    "category": "操作类",
    "description": "播控, 暂停"
  },
  "pc": {
    "name": "Pc",
    "category": "通用类",
    "description": "设备, 电脑"
  },
  "picture": {
    "name": "Picture",
    "category": "通用类",
    "description": "图片, 照片"
  },
  "place": {
    "name": "Place",
    "category": "通用类",
    "description": "地点"
  },
  "play": {
    "name": "Play",
    "category": "操作类",
    "description": "播控, 播放"
  },
  "pound": {
    "name": "Pound",
    "category": "指示类",
    "description": "井号, 话题, 整数"
  },
  "process": {
    "name": "Process",
    "category": "编辑类",
    "description": "流程, 我的流程"
  },
  "question": {
    "name": "Question",
    "category": "指示类",
    "description": "问号, 问题"
  },
  "quote": {
    "name": "Quote",
    "category": "操作类",
    "description": "连接, 引用, 关联"
  },
  "quote-small": {
    "name": "QuoteSmall",
    "category": "操作类",
    "description": "连接, 引用, 关联"
  },
  "refresh": {
    "name": "Refresh",
    "category": "操作类",
    "description": "刷新"
  },
  "release": {
    "name": "Release",
    "category": "操作类",
    "description": "发布"
  },
  "restore-default": {
    "name": "RestoreDefault",
    "category": "通用类",
    "description": "恢复默认"
  },
  "ruler": {
    "name": "Ruler",
    "category": "通用类",
    "description": "尺, 直尺, 尺寸, 大小"
  },
  "save": {
    "name": "Save",
    "category": "操作类",
    "description": "存档, 保存"
  },
  "seal": {
    "name": "Seal",
    "category": "通用类",
    "description": "盖章, 公章, 审核, 审批"
  },
  "search": {
    "name": "Search",
    "category": "操作类",
    "description": "搜索, 查询"
  },
  "setting": {
    "name": "Setting",
    "category": "通用类",
    "description": "设置"
  },
  "short": {
    "name": "Short",
    "category": "通用类",
    "description": "短整行"
  },
  "shutdown": {
    "name": "Shutdown",
    "category": "操作类",
    "description": "关机, 停用"
  },
  "sign-cross": {
    "name": "SignCross",
    "category": "指示类",
    "description": "失败, 关闭, 错误"
  },
  "sign-equal": {
    "name": "SignEqual",
    "category": "操作类",
    "description": "符号, 等号, 拖拽"
  },
  "sign-exclamatory": {
    "name": "SignExclamatory",
    "category": "指示类",
    "description": "感叹号, 警告, 错误, 提示"
  },
  "sign-minus": {
    "name": "SignMinus",
    "category": "操作类",
    "description": "符号, 减号"
  },
  "sign-plus": {
    "name": "SignPlus",
    "category": "操作类",
    "description": "符号, 加号"
  },
  "sign-pound": {
    "name": "SignPound",
    "category": "指示类",
    "description": "井号, 话题, 标签"
  },
  "sign-tick": {
    "name": "SignTick",
    "category": "指示类",
    "description": "成功, 勾选, 完成"
  },
  "signin": {
    "name": "Signin",
    "category": "操作类",
    "description": "帐号登录, 进入"
  },
  "sort": {
    "name": "Sort",
    "category": "操作类",
    "description": "排序"
  },
  "sort-drag": {
    "name": "SortDrag",
    "category": "操作类",
    "description": "拖拽, 排序"
  },
  "sort-filter-down": {
    "name": "SortFilterDown",
    "category": "操作类",
    "description": "筛选, 排序, 降序"
  },
  "sort-filter-up": {
    "name": "SortFilterUp",
    "category": "操作类",
    "description": "筛选, 排序, 升序"
  },
  "sort-inverted-order": {
    "name": "SortInvertedOrder",
    "category": "操作类",
    "description": "排序, 倒叙"
  },
  "sort-order": {
    "name": "SortOrder",
    "category": "操作类",
    "description": "排序, 顺序"
  },
  "stop": {
    "name": "Stop",
    "category": "操作类",
    "description": "播控, 停止"
  },
  "string-type-big-decimal": {
    "name": "StringTypeBigDecimal",
    "category": "通用类",
    "description": "大小数"
  },
  "string-type-blob": {
    "name": "StringTypeBlob",
    "category": "通用类",
    "description": "斑点"
  },
  "string-type-double": {
    "name": "StringTypeDouble",
    "category": "通用类",
    "description": "双精度浮点"
  },
  "string-type-float": {
    "name": "StringTypeFloat",
    "category": "通用类",
    "description": "单精度浮点"
  },
  "string-type-long": {
    "name": "StringTypeLong",
    "category": "通用类",
    "description": "长整行"
  },
  "successful-translation": {
    "name": "SuccessfulTranslation",
    "category": "通用类",
    "description": "多语言切换, 翻译成功"
  },
  "tick": {
    "name": "Tick",
    "category": "指示类",
    "description": "成功, 勾选, 完成"
  },
  "tick-unselected": {
    "name": "TickUnselected",
    "category": "指示类",
    "description": "未勾选"
  },
  "time": {
    "name": "Time",
    "category": "通用类",
    "description": "时间, 记录, 历史"
  },
  "timing": {
    "name": "Timing",
    "category": "通用类",
    "description": "定时器"
  },
  "tool": {
    "name": "Tool",
    "category": "通用类",
    "description": "工具, 维护, 维修"
  },
  "towards-down": {
    "name": "TowardsDown",
    "category": "指示类",
    "description": "方向, 向下"
  },
  "towards-left": {
    "name": "TowardsLeft",
    "category": "指示类",
    "description": "方向, 向左"
  },
  "towards-right": {
    "name": "TowardsRight",
    "category": "指示类",
    "description": "方向, 向右"
  },
  "towards-up": {
    "name": "TowardsUp",
    "category": "指示类",
    "description": "方向, 向上"
  },
  "trajectory": {
    "name": "Trajectory",
    "category": "通用类",
    "description": "轨迹, 路径"
  },
  "translation": {
    "name": "Translation",
    "category": "通用类",
    "description": "多语言, 翻译"
  },
  "translation-ok": {
    "name": "TranslationOk",
    "category": "通用类",
    "description": "多语言切换, 翻译"
  },
  "unlike": {
    "name": "Unlike",
    "category": "通用类",
    "description": "拇指, 不喜欢, 踩"
  },
  "unlock": {
    "name": "Unlock",
    "category": "通用类",
    "description": "锁, 解锁, 权限"
  },
  "upload": {
    "name": "Upload",
    "category": "操作类",
    "description": "上传"
  },
  "use": {
    "name": "Use",
    "category": "操作类",
    "description": "使用"
  },
  "user": {
    "name": "User",
    "category": "通用类",
    "description": "人员, 用户"
  },
  "user-cclist": {
    "name": "UserCclist",
    "category": "通用类",
    "description": "人员, 抄送人"
  },
  "user-executor": {
    "name": "UserExecutor",
    "category": "通用类",
    "description": "人员, 执行人"
  },
  "user-group": {
    "name": "UserGroup",
    "category": "通用类",
    "description": "人员, 群组, 成员"
  },
  "view": {
    "name": "View",
    "category": "通用类",
    "description": "显示, 浏览"
  },
  "view-eye": {
    "name": "ViewEye",
    "category": "通用类",
    "description": "眼睛, 显示, 浏览"
  }
}